{
  "trades": 2,
  "win_rate": 0.0,
  "avg_r": 0.0,
  "expectancy_r": 0.0,
  "profit_factor": 0.0,
  "net_pnl": -1.994630825079983,
  "max_drawdown_pct": 0.0,
  "sharpe_like": 11.224972160321828
}